<?xml version="1.0" encoding="UTF-8"?>
<project-private xmlns="http://www.netbeans.org/ns/project-private/1">
    <editor-bookmarks xmlns="http://www.netbeans.org/ns/editor-bookmarks/2" lastBookmarkId="0"/>
    <open-files xmlns="http://www.netbeans.org/ns/projectui-open-files/2">
        <group>
            <file>file:/C:/Users/Lenovo/Documents/David/Enviar/2º%20ano%20InfoWeb/Programação%20orientada%20em%20objetos/POO_Projeto_48537_47592_48902/POO_Projeto_48537_47592_48902/src/projeto_poo1/AlunoAddPrint.java</file>
            <file>file:/C:/Users/Lenovo/Documents/David/Enviar/2º%20ano%20InfoWeb/Programação%20orientada%20em%20objetos/POO_Projeto_48537_47592_48902/POO_Projeto_48537_47592_48902/src/projeto_poo1/Projeto_POO1.java</file>
            <file>file:/C:/Users/Lenovo/Documents/David/Enviar/2º%20ano%20InfoWeb/Programação%20orientada%20em%20objetos/POO_Projeto_48537_47592_48902/POO_Projeto_48537_47592_48902/src/projeto_poo1/Professor.java</file>
            <file>file:/C:/Users/Lenovo/Documents/David/Enviar/2º%20ano%20InfoWeb/Programação%20orientada%20em%20objetos/POO_Projeto_48537_47592_48902/POO_Projeto_48537_47592_48902/src/projeto_poo1/Contactos.java</file>
            <file>file:/C:/Users/Lenovo/Documents/David/Enviar/2º%20ano%20InfoWeb/Programação%20orientada%20em%20objetos/POO_Projeto_48537_47592_48902/POO_Projeto_48537_47592_48902/src/projeto_poo1/Aluno.java</file>
        </group>
    </open-files>
</project-private>
